{"cameraMode":{"drawMode":0,"name":"Shaded","section":"Shading Mode"},"sceneLighting":false,"audioPlay":false,"sceneViewState":{"m_AlwaysRefresh":false,"showFog":true,"showSkybox":false,"showFlares":true,"showImageEffects":true,"showParticleSystems":true,"showVisualEffectGraphs":true,"m_FxEnabled":true},"in2DMode":false,"pivot":{"x":-4.369579792022705,"y":41.45983123779297,"z":-6.549584865570068},"rotation":{"x":0.14814284443855287,"y":-0.040044862776994708,"z":0.006011149846017361,"w":0.9881610870361328},"size":10.826264381408692,"orthographic":false}